Node Number,X,Y,Z,Weight
0,0,0,0,0.0
1,1,1,0,0.9877659459927356
3,2,0,0,0.9092974268256817
7,3,1,0,-0.020683531529582487
11,4,0,0,-0.7568024953079282
15,5,1,0,-0.9261848392897116
