Node Number,X,Y,Z,Weight
0, 0, 0, 0, 0.0
1, 1, 0, 0, 0.8414709848078965
2, 0, 1, 0, 0.8414709848078965
3, 1, 1, 0, 0.9877659459927356
4, 0, 0, 1, 0.8414709848078965
5, 1, 0, 1, 0.9877659459927356
6, 0, 1, 1, 0.9877659459927356
7, 1, 1, 1, 0.9870266449903538
