Node Number,X,Y,Z,Weight
0,0,0,0,0.0
1,1,1,0,0.9877659459927356
2,2,0,0,0.9092974268256817
3,3,1,0,-0.020683531529582487
4,4,0,0,-0.7568024953079282
5,5,1,0,-0.9261848392897116
6,6,0,0,-0.27941549819892586
7,7,1,0,0.7088612918380416
8,8,0,0,0.9893582466233818
9,9,1,0,0.36104927727853203
10,10,0,0,-0.5440211108893698
11,11,1,0,-0.9987608967574537
